"value","cumul_area","fires","prop","year"
19.36,260856.64,13474,0.0348735787476674,"2019-2020"
38.72,400945.6,3618,0.0536018862894605,"2019-2020"
58.08,519661.12,2044,0.0694728069426219,"2019-2020"
77.44,611040.32,1180,0.0816891711766274,"2019-2020"
96.8,691771.52,834,0.0924820183918399,"2019-2020"
116.16,765068.48,631,0.102280991906659,"2019-2020"
135.52,831337.76,489,0.111140444189074,"2019-2020"
154.88,887094.56,360,0.118594496942027,"2019-2020"
174.24,943896.8,326,0.126188313184097,"2019-2020"
193.6,985714.4,216,0.131778852748811,"2019-2020"
212.96,1025750.88,188,0.137131276739473,"2019-2020"
232.32,1065245.28,170,0.142411230772814,"2019-2020"
251.68,1096201.92,123,0.14654978297836,"2019-2020"
271.04,1122492.8,97,0.150064575908398,"2019-2020"
290.4,1150371.2,96,0.153791602284874,"2019-2020"
309.76,1174842.24,79,0.157063103215337,"2019-2020"
329.12,1207096,98,0.161375065675899,"2019-2020"
348.48,1229398.72,64,0.16435668677708,"2019-2020"
367.84,1251101.28,59,0.167258073282656,"2019-2020"
387.2,1277043.68,67,0.170726278382988,"2019-2020"
406.56,1298997.92,54,0.173661311654463,"2019-2020"
425.92,1321997.6,54,0.176736108415056,"2019-2020"
445.28,1341589.92,44,0.179355379729635,"2019-2020"
464.64,1358316.96,36,0.181591595555521,"2019-2020"
484,1373320.96,31,0.183597460445638,"2019-2020"
503.36,1388925.12,31,0.185683559931361,"2019-2020"
522.72,1400424.96,22,0.187220958311657,"2019-2020"
542.08,1418855.68,34,0.18968493686055,"2019-2020"
561.44,1432891.68,25,0.191561391112595,"2019-2020"
580.8,1441603.68,15,0.192726086855244,"2019-2020"
600.16,1459008.32,29,0.19505289012778,"2019-2020"
619.52,1470159.68,18,0.196543700678371,"2019-2020"
638.88,1483576.16,21,0.19833733212205,"2019-2020"
658.24,1494766.24,17,0.199833319098163,"2019-2020"
677.6,1505607.84,16,0.201282718244571,"2019-2020"
696.96,1521637.92,23,0.203425758411044,"2019-2020"
716.32,1529517.44,11,0.204479161004951,"2019-2020"
735.68,1541288.32,16,0.206052794363908,"2019-2020"
755.04,1550348.8,12,0.207264077936263,"2019-2020"
774.4,1564288,18,0.209127591124501,"2019-2020"
793.76,1573813.12,12,0.21040099180313,"2019-2020"
813.12,1579504.96,7,0.211161926354994,"2019-2020"
832.48,1590327.2,13,0.21260873728864,"2019-2020"
851.84,1598845.6,10,0.213747550903674,"2019-2020"
871.2,1606686.4,9,0.214795777072058,"2019-2020"
890.56,1613810.88,8,0.215748239368269,"2019-2020"
909.92,1623820,11,0.217086345365934,"2019-2020"
929.28,1634971.36,12,0.218577155916525,"2019-2020"
948.64,1640663.2,6,0.219338090468389,"2019-2020"
968,1651311.2,11,0.220761607487182,"2019-2020"
987.36,1663159.52,12,0.222345593697184,"2019-2020"
1006.72,1670206.56,7,0.223287703142349,"2019-2020"
1026.08,1676363.04,6,0.224110754800488,"2019-2020"
1045.44,1681590.24,5,0.224809572246077,"2019-2020"
1064.8,1692238.24,10,0.22623308926487,"2019-2020"
1084.16,1699827.36,7,0.227247668667355,"2019-2020"
1103.52,1707552,7,0.22828036555917,"2019-2020"
1122.88,1715412.16,7,0.229331179940316,"2019-2020"
1142.24,1723407.84,7,0.230400111810791,"2019-2020"
1161.6,1731539.04,7,0.231487161170597,"2019-2020"
1180.96,1745710.56,12,0.233381732911972,"2019-2020"
1200.32,1750511.84,4,0.23402360967681,"2019-2020"
1219.68,1760269.28,8,0.235328068908577,"2019-2020"
1239.04,1768942.56,7,0.236487588225703,"2019-2020"
1258.4,1777751.36,7,0.237665225032159,"2019-2020"
1277.76,1784140.16,5,0.238519335243434,"2019-2020"
1297.12,1790625.76,5,0.239386386518517,"2019-2020"
1316.48,1805107.04,11,0.241322369664076,"2019-2020"
1335.84,1806442.88,1,0.241500956344615,"2019-2020"
1355.2,1810508.48,3,0.242044481024518,"2019-2020"
1374.56,1818755.84,6,0.243147059660892,"2019-2020"
1393.92,1822937.6,3,0.243706113617364,"2019-2020"
1413.28,1828590.72,4,0.244461871743705,"2019-2020"
1432.64,1834321.28,4,0.245227982721092,"2019-2020"
1452,1838677.28,3,0.245810330592416,"2019-2020"
1471.36,1847505.44,6,0.246990555611634,"2019-2020"
1490.72,1853468.32,4,0.247787725142158,"2019-2020"
1510.08,1864038.88,7,0.249200889309905,"2019-2020"
1529.44,1870156.64,4,0.25001876454252,"2019-2020"
1548.8,1871705.44,1,0.250225821563436,"2019-2020"
1568.16,1879546.24,5,0.25127404773182,"2019-2020"
1587.52,1887483.84,5,0.252335214964011,"2019-2020"
1606.88,1892304.48,3,0.25297967994161,"2019-2020"
1626.24,1905314.4,8,0.254718958917299,"2019-2020"
1645.6,1918479.2,8,0.256478943595079,"2019-2020"
1664.96,1936793.76,11,0.258927392867403,"2019-2020"
1684.32,1945215.36,5,0.26005326541863,"2019-2020"
1703.68,1950326.4,3,0.260736553587651,"2019-2020"
1723.04,1955495.52,3,0.261427606394956,"2019-2020"
1742.4,1957237.92,1,0.261660545543486,"2019-2020"
1761.76,1962523.2,3,0.262367127627359,"2019-2020"
1781.12,1964304.32,1,0.262605243201412,"2019-2020"
1800.48,1967905.28,2,0.26308665077504,"2019-2020"
1819.84,1969725.12,1,0.263329942774616,"2019-2020"
1839.2,1975242.72,3,0.264067583411627,"2019-2020"
1858.56,1986394.08,6,0.265558393962217,"2019-2020"
1877.92,1992027.84,3,0.266311563875797,"2019-2020"
1897.28,1997719.68,3,0.267072498427661,"2019-2020"
1916.64,2005386.24,4,0.268097430681192,"2019-2020"
1955.36,2009296.96,2,0.268620249659003,"2019-2020"
1974.72,2019170.56,5,0.269940238167338,"2019-2020"
1994.08,2023158.72,2,0.270473409996195,"2019-2020"
2013.44,2029199.04,3,0.271280932377765,"2019-2020"
2032.8,2037330.24,4,0.272367981737571,"2019-2020"
2052.16,2043486.72,3,0.273191033395709,"2019-2020"
2071.52,2045558.24,1,0.273467972161184,"2019-2020"
2090.88,2051830.88,3,0.274306553095891,"2019-2020"
2129.6,2053960.48,1,0.274591256499649,"2019-2020"
2168.32,2060465.44,3,0.275460895987494,"2019-2020"
2187.68,2071403.84,5,0.276923236197708,"2019-2020"
2207.04,2073610.88,1,0.277218292452513,"2019-2020"
2226.4,2082516.48,4,0.278408870322776,"2019-2020"
2245.76,2087008,2,0.279009335683431,"2019-2020"
2284.48,2089292.48,1,0.279314744789281,"2019-2020"
2303.84,2091596.32,1,0.279622742107892,"2019-2020"
2323.2,2096242.72,2,0.280243913170638,"2019-2020"
2342.56,2098585.28,1,0.280557086914773,"2019-2020"
2381.28,2100966.56,1,0.28087543708443,"2019-2020"
2400.64,2105767.84,2,0.281517313849268,"2019-2020"
2420,2110607.84,2,0.282164367039628,"2019-2020"
2439.36,2120365.28,4,0.283468826271395,"2019-2020"
2458.72,2122824,1,0.283797529292098,"2019-2020"
2478.08,2125302.08,1,0.284128820525563,"2019-2020"
2497.44,2127799.52,1,0.284462699971789,"2019-2020"
2555.52,2132910.56,2,0.285145988140809,"2019-2020"
2574.88,2138060.32,2,0.285834452735353,"2019-2020"
2613.6,2143287.52,2,0.286533270180942,"2019-2020"
2632.96,2145920.48,1,0.286885267116498,"2019-2020"
2671.68,2148592.16,1,0.287242440477577,"2019-2020"
2691.04,2153974.24,2,0.287961963625258,"2019-2020"
2729.76,2159433.76,2,0.288691839623984,"2019-2020"
2787.84,2162221.6,1,0.289064542261632,"2019-2020"
2807.2,2176257.6,5,0.290940996513677,"2019-2020"
2826.56,2179084.16,1,0.291318875576848,"2019-2020"
2845.92,2181930.08,1,0.29169934285278,"2019-2020"
2865.28,2184795.36,1,0.292082398341473,"2019-2020"
2904,2187699.36,1,0.29247063025569,"2019-2020"
2942.72,2190642.08,1,0.292864038595429,"2019-2020"
2962.08,2193604.16,1,0.293260035147929,"2019-2020"
2981.44,2199567.04,2,0.294057204678453,"2019-2020"
3000.8,2202567.84,1,0.294458377656477,"2019-2020"
3039.52,2208646.88,2,0.29527107646357,"2019-2020"
3058.88,2214764.64,2,0.296088951696185,"2019-2020"
3097.6,2220959.84,2,0.296917179779847,"2019-2020"
3116.96,2227193.76,2,0.297750584289031,"2019-2020"
3136.32,2230330.08,1,0.298169874756385,"2019-2020"
3155.68,2236641.44,2,0.299013632116615,"2019-2020"
3194.4,2239835.84,1,0.299440687222252,"2019-2020"
3252.48,2246340.8,2,0.300310326710097,"2019-2020"
3271.84,2249612.64,1,0.300747734666781,"2019-2020"
3329.92,2252942.56,1,0.301192907261749,"2019-2020"
3388,2259718.56,2,0.302098781728253,"2019-2020"
3407.36,2266533.28,2,0.303009832620281,"2019-2020"
3446.08,2269979.36,1,0.303470534491817,"2019-2020"
3465.44,2276910.24,2,0.304397114660414,"2019-2020"
3484.8,2280395.04,1,0.304862992957473,"2019-2020"
3504.16,2290907.52,3,0.306268392486936,"2019-2020"
3542.88,2294450.4,1,0.30674203542228,"2019-2020"
3581.6,2301613.6,2,0.307699674144013,"2019-2020"
3639.68,2305253.28,1,0.308186258143164,"2019-2020"
3659.04,2312571.36,2,0.309164602566989,"2019-2020"
3697.76,2319966.88,2,0.31015329984186,"2019-2020"
3717.12,2323684,1,0.310650236692057,"2019-2020"
3755.84,2327439.84,1,0.311152349967777,"2019-2020"
3794.56,2331234.4,1,0.311659639669019,"2019-2020"
3813.92,2335048.32,1,0.312169517583023,"2019-2020"
3872,2342792.32,2,0.3132048026876,"2019-2020"
3930.08,2350652.48,2,0.314255617068746,"2019-2020"
3968.8,2354621.28,1,0.314786200684841,"2019-2020"
4046.24,2362713.76,2,0.315868073619124,"2019-2020"
4065.6,2370844.96,2,0.316955122978929,"2019-2020"
4084.96,2374929.92,1,0.317501235871594,"2019-2020"
4162.4,2383254.72,2,0.318614167359014,"2019-2020"
4201.12,2391656.96,2,0.319737451697479,"2019-2020"
4433.44,2396090.4,1,0.32033015241985,"2019-2020"
4472.16,2400562.56,1,0.320928029567743,"2019-2020"
4510.88,2405073.44,1,0.321531083141159,"2019-2020"
4549.6,2409623.04,1,0.322139313140097,"2019-2020"
4704.48,2414327.52,1,0.322768248841128,"2019-2020"
4723.84,2419051.36,1,0.32339977275492,"2019-2020"
4762.56,2428576.48,2,0.324673173433549,"2019-2020"
4878.72,2433455.2,1,0.325325403049432,"2019-2020"
4917.44,2443290.08,2,0.326640215132245,"2019-2020"
4975.52,2448265.6,1,0.327305385811935,"2019-2020"
5227.2,2453492.8,1,0.328004203257525,"2019-2020"
5285.28,2458778.08,1,0.328710785341398,"2019-2020"
5362.72,2464140.8,1,0.329427720276318,"2019-2020"
5382.08,2474904.96,2,0.330866766571679,"2019-2020"
5401.44,2485707.84,2,0.332310989292564,"2019-2020"
5556.32,2491264.16,1,0.333053806355098,"2019-2020"
5653.12,2496917.28,1,0.333809564481439,"2019-2020"
5672.48,2502589.76,1,0.334567910820541,"2019-2020"
5730.56,2508320.32,1,0.335334021797928,"2019-2020"
5749.92,2514070.24,1,0.336102720988076,"2019-2020"
5769.28,2519839.52,1,0.336874008390986,"2019-2020"
5827.36,2531494.24,2,0.338432112473374,"2019-2020"
5866.08,2537360.32,1,0.339216340940091,"2019-2020"
5885.44,2543245.76,1,0.340003157619569,"2019-2020"
5924.16,2555094.08,2,0.341587143829571,"2019-2020"
5943.52,2561037.6,1,0.342381725147334,"2019-2020"
5982.24,2573002.08,2,0.343981240633905,"2019-2020"
6001.6,2579003.68,1,0.344783586589952,"2019-2020"
6079.04,2585082.72,1,0.345596285397045,"2019-2020"
6214.56,2591297.28,1,0.346427101693468,"2019-2020"
6233.92,2597531.2,1,0.347260506202652,"2019-2020"
6466.24,2603997.44,1,0.348124969264973,"2019-2020"
6524.32,2610521.76,1,0.348997196965579,"2019-2020"
6640.48,2617162.24,1,0.349884953942754,"2019-2020"
6659.84,2623822.08,1,0.35077529913269,"2019-2020"
6853.44,2630675.52,1,0.35169152645024,"2019-2020"
6969.6,2637645.12,1,0.352623283044359,"2019-2020"
7105.12,2644750.24,1,0.353573157127809,"2019-2020"
7124.48,2651874.72,1,0.354525619424019,"2019-2020"
7182.56,2659057.28,1,0.355485846358514,"2019-2020"
7240.64,2666297.92,1,0.356453837931293,"2019-2020"
7453.6,2673751.52,1,0.357450299844448,"2019-2020"
7492.32,2681243.84,1,0.358451938183126,"2019-2020"
7511.68,2688755.52,1,0.359456164734566,"2019-2020"
7531.04,2696286.56,1,0.360462979498767,"2019-2020"
7569.76,2711426.08,2,0.362486961878214,"2019-2020"
7627.84,2719053.92,1,0.363506717706222,"2019-2020"
7879.52,2726933.44,1,0.364560120300129,"2019-2020"
7976.32,2734909.76,1,0.365626463957843,"2019-2020"
8034.4,2742944.16,1,0.366700572253842,"2019-2020"
8537.76,2751481.92,1,0.367841974081637,"2019-2020"
8615.2,2760097.12,1,0.368993728760479,"2019-2020"
8886.24,2768983.36,1,0.370181718417981,"2019-2020"
9041.12,2778024.48,1,0.371390413777574,"2019-2020"
9060.48,2787084.96,1,0.372601697349929,"2019-2020"
9176.64,2796261.6,1,0.373828510198852,"2019-2020"
9505.76,2805767.36,1,0.37509932266472,"2019-2020"
10086.56,2815853.92,1,0.376447781513432,"2019-2020"
10183.36,2836220.64,2,0.379170581338468,"2019-2020"
10783.52,2847004.16,1,0.380612215846591,"2019-2020"
11209.44,2858213.6,1,0.382110791035466,"2019-2020"
11480.48,2869694.08,1,0.383645601203001,"2019-2020"
12061.28,2881755.36,1,0.38525805775338,"2019-2020"
12100,2893855.36,1,0.386875690729281,"2019-2020"
12390.4,2918636.16,2,0.390188603063926,"2019-2020"
12448.48,2931084.64,1,0.391852823869533,"2019-2020"
12545.28,2943629.92,1,0.393529985738948,"2019-2020"
12738.88,2956368.8,1,0.395233029735976,"2019-2020"
13377.76,2969746.56,1,0.397021484754133,"2019-2020"
13474.56,2983221.12,1,0.398822880836096,"2019-2020"
13629.44,2996850.56,1,0.400644982620151,"2019-2020"
13648.8,3010499.36,1,0.402469672616968,"2019-2020"
14171.52,3024670.88,1,0.404364244358343,"2019-2020"
14268.32,3038939.2,1,0.406271757163526,"2019-2020"
14423.2,3053362.4,1,0.4081999756708,"2019-2020"
14616.8,3067979.2,1,0.410154076305689,"2019-2020"
14694.24,3082673.44,1,0.412118529791623,"2019-2020"
15778.4,3098451.84,1,0.414227923192198,"2019-2020"
16301.12,3114752.96,1,0.416407198337332,"2019-2020"
17346.56,3132099.52,1,0.418726236971584,"2019-2020"
17482.08,3149581.6,1,0.421063393095166,"2019-2020"
17966.08,3167547.68,1,0.423465254537784,"2019-2020"
18082.24,3185629.92,1,0.425882645256971,"2019-2020"
18237.12,3203867.04,1,0.428320741678249,"2019-2020"
18314.56,3222181.6,1,0.430769190950573,"2019-2020"
18604.96,3240786.56,1,0.433256463414319,"2019-2020"
18817.92,3259604.48,1,0.43577220621844,"2019-2020"
18895.36,3278499.84,1,0.438298301873607,"2019-2020"
19669.76,3298169.6,1,0.440927926039232,"2019-2020"
19824.64,3317994.24,1,0.443578255906949,"2019-2020"
19844,3337838.24,1,0.446231173987426,"2019-2020"
20347.36,3358185.6,1,0.448951385599702,"2019-2020"
20366.72,3378552.32,1,0.451674185424739,"2019-2020"
20889.44,3399441.76,1,0.454466866994334,"2019-2020"
21760.64,3421202.4,1,0.457376018138195,"2019-2020"
23077.12,3444279.52,1,0.460461167749834,"2019-2020"
23987.04,3468266.56,1,0.46366796336126,"2019-2020"
24064.48,3492331.04,1,0.466885111823732,"2019-2020"
24200,3516531.04,1,0.470120377775535,"2019-2020"
24471.04,3541002.08,1,0.473391878705997,"2019-2020"
24587.2,3565589.28,1,0.476678908913028,"2019-2020"
24606.56,3590195.84,1,0.479968527332821,"2019-2020"
28749.6,3618945.44,1,0.483812023283562,"2019-2020"
32137.6,3651083.04,1,0.488108456467556,"2019-2020"
35119.04,3686202.08,1,0.492803474416811,"2019-2020"
35448.16,3721650.24,1,0.497542491983011,"2019-2020"
35661.12,3757311.36,1,0.502309979889587,"2019-2020"
36028.96,3793340.32,1,0.50712664383863,"2019-2020"
38603.84,3831944.16,1,0.512287540084945,"2019-2020"
39358.88,3871303.04,1,0.517549376628957,"2019-2020"
41391.68,3912694.72,1,0.523082975512919,"2019-2020"
60654.88,3973349.6,1,0.531191846094516,"2019-2020"
65049.6,4038399.2,1,0.539888240972961,"2019-2020"
84971.04,4123370.24,1,0.551247906782929,"2019-2020"
256520,4379890.24,1,0.585541725872034,"2019-2020"
280236,4660126.24,1,0.623006105593904,"2019-2020"
620197.6,5280323.84,1,0.705919501406694,"2019-2020"
664473.92,5944797.76,1,0.794752139804901,"2019-2020"
1535267.36,7480065.12,1,1,"2019-2020"
19.36,666835.84,34444,0.0786408853149951,"2012-2013"
38.72,1061199.04,10185,0.125148690269891,"2012-2013"
58.08,1388189.44,5630,0.163711126484334,"2012-2013"
77.44,1671077.76,3653,0.197072542586492,"2012-2013"
96.8,1904268.96,2409,0.224573107666596,"2012-2013"
116.16,2106852,1744,0.248464009534443,"2012-2013"
135.52,2278962.4,1270,0.26876123025359,"2012-2013"
154.88,2428266.72,964,0.286368897991055,"2012-2013"
174.24,2570795.04,818,0.3031774625506,"2012-2013"
193.6,2702249.44,679,0.318680064202232,"2012-2013"
212.96,2817247.84,540,0.332241986707489,"2012-2013"
232.32,2920862.56,446,0.344461415873842,"2012-2013"
251.68,3016752.64,381,0.355769867417367,"2012-2013"
271.04,3103756.48,321,0.366030352221849,"2012-2013"
290.4,3183906.88,276,0.375482601240665,"2012-2013"
309.76,3270329.92,279,0.38567459148704,"2012-2013"
329.12,3342078.08,218,0.394135952565235,"2012-2013"
348.48,3408289.28,190,0.401944332189474,"2012-2013"
367.84,3486271.36,212,0.411140868191356,"2012-2013"
387.2,3555192.96,178,0.419268889086762,"2012-2013"
406.56,3609265.44,133,0.425645732446557,"2012-2013"
425.92,3662505.44,125,0.431924400273065,"2012-2013"
445.28,3710150.4,107,0.437543237189805,"2012-2013"
464.64,3766836.48,122,0.444228306061083,"2012-2013"
484,3811364.48,92,0.449479555515981,"2012-2013"
503.36,3870257.6,117,0.456424903708067,"2012-2013"
522.72,3913643.36,83,0.461541447198687,"2012-2013"
542.08,3952673.12,72,0.466144281503501,"2012-2013"
561.44,4004325.6,92,0.472235730871182,"2012-2013"
580.8,4041496.8,64,0.476619382590053,"2012-2013"
600.16,4088309.28,78,0.482140043973506,"2012-2013"
619.52,4124860.96,59,0.486450634830396,"2012-2013"
638.88,4159360.48,54,0.490519211581973,"2012-2013"
658.24,4192930.72,51,0.494478197040578,"2012-2013"
677.6,4233586.72,60,0.499272816108094,"2012-2013"
696.96,4280980,68,0.504861972049654,"2012-2013"
716.32,4314647.04,47,0.508832373267944,"2012-2013"
735.68,4347016.96,44,0.512649803306461,"2012-2013"
755.04,4380238.72,44,0.516567692030201,"2012-2013"
774.4,4405019.52,32,0.519490126509449,"2012-2013"
793.76,4431213.6,33,0.522579231080091,"2012-2013"
813.12,4460485.92,36,0.526031356808702,"2012-2013"
832.48,4488790.24,34,0.529369324940467,"2012-2013"
851.84,4513493.6,29,0.532282626811966,"2012-2013"
871.2,4532660,22,0.534542947229509,"2012-2013"
890.56,4553142.88,23,0.536958521978762,"2012-2013"
909.92,4578620.64,28,0.539963149927738,"2012-2013"
929.28,4605569.76,29,0.54314129742392,"2012-2013"
948.64,4624542.56,20,0.545378786322093,"2012-2013"
968,4640998.56,17,0.547319465468468,"2012-2013"
987.36,4668644.64,28,0.550579806434379,"2012-2013"
1006.72,4691799.2,23,0.553310456150926,"2012-2013"
1026.08,4710268.64,18,0.555488583098739,"2012-2013"
1045.44,4732222.88,21,0.558077677395198,"2012-2013"
1064.8,4749259.68,16,0.56008685109968,"2012-2013"
1084.16,4766606.24,16,0.562132555235153,"2012-2013"
1103.52,4791987.2,23,0.565125767424445,"2012-2013"
1122.88,4811076.16,17,0.56737695523424,"2012-2013"
1142.24,4843058.88,28,0.571148722234018,"2012-2013"
1161.6,4865129.28,19,0.573751515442098,"2012-2013"
1180.96,4884024.64,16,0.575979871732524,"2012-2013"
1200.32,4903229.76,16,0.578244758453941,"2012-2013"
1219.68,4920305.28,14,0.580258498462297,"2012-2013"
1239.04,4937651.84,14,0.58230420259777,"2012-2013"
1258.4,4967853.44,24,0.585865919619353,"2012-2013"
1277.76,4987019.84,15,0.588126240036896,"2012-2013"
1297.12,5006476.64,15,0.590420807733492,"2012-2013"
1316.48,5020957.92,11,0.592128605382302,"2012-2013"
1335.84,5036988,12,0.594019055186065,"2012-2013"
1355.2,5058671.2,16,0.596576185355407,"2012-2013"
1374.56,5077915.04,14,0.598845638380697,"2012-2013"
1393.92,5096036,13,0.600982668593647,"2012-2013"
1413.28,5112995.36,12,0.602982709690382,"2012-2013"
1432.64,5128754.4,11,0.604841195367028,"2012-2013"
1452,5149082.4,14,0.607238504900786,"2012-2013"
1471.36,5162324.64,9,0.608800180825633,"2012-2013"
1490.72,5178722.56,11,0.610734010516198,"2012-2013"
1510.08,5192313.28,9,0.61233678317591,"2012-2013"
1529.44,5201489.92,6,0.613418997194006,"2012-2013"
1548.8,5207685.12,4,0.614149605813818,"2012-2013"
1568.16,5223366.72,10,0.615998958882717,"2012-2013"
1587.52,5236066.88,8,0.617496706553331,"2012-2013"
1606.88,5240887.52,3,0.618065211385622,"2012-2013"
1626.24,5257149.92,10,0.619983059012628,"2012-2013"
1645.6,5262086.72,3,0.620565262756541,"2012-2013"
1664.96,5270411.52,5,0.621547018089413,"2012-2013"
1684.32,5292307.68,13,0.62412926293006,"2012-2013"
1703.68,5311048.16,11,0.626339354004991,"2012-2013"
1723.04,5330001.6,11,0.628574559751228,"2012-2013"
1742.4,5338713.6,5,0.629601978122838,"2012-2013"
1761.76,5345760.64,4,0.630433045427874,"2012-2013"
1781.12,5365352.96,11,0.632743595188029,"2012-2013"
1800.48,5367153.44,1,0.632955928318162,"2012-2013"
1819.84,5385351.84,10,0.635102091138859,"2012-2013"
1839.2,5390869.44,3,0.635752789440879,"2012-2013"
1858.56,5398303.68,4,0.636629519784653,"2012-2013"
1877.92,5413327.04,8,0.638401245687697,"2012-2013"
1897.28,5426608,7,0.639967487916418,"2012-2013"
1916.64,5443857.76,9,0.642001776292207,"2012-2013"
1936,5451601.76,4,0.642915037066972,"2012-2013"
1955.36,5455512.48,2,0.643376233758228,"2012-2013"
1974.72,5471310.24,8,0.645239285738748,"2012-2013"
1994.08,5483274.72,6,0.64665027363576,"2012-2013"
2013.44,5485288.16,1,0.646887721437199,"2012-2013"
2032.8,5495452.16,5,0.648086376204077,"2012-2013"
2052.16,5501608.64,3,0.648812418520015,"2012-2013"
2071.52,5511966.24,5,0.650033904806263,"2012-2013"
2090.88,5528693.28,8,0.652006548079755,"2012-2013"
2110.24,5537134.24,4,0.653002002324249,"2012-2013"
2129.6,5543523.04,3,0.65375544246343,"2012-2013"
2148.96,5554267.84,5,0.655022591788416,"2012-2013"
2168.32,5558604.48,2,0.655534017822284,"2012-2013"
2187.68,5565167.52,3,0.656308006328897,"2012-2013"
2207.04,5571788.64,3,0.657088844291321,"2012-2013"
2226.4,5580694.24,4,0.658139094182301,"2012-2013"
2245.76,5582940,1,0.658403939806982,"2012-2013"
2284.48,5598931.36,7,0.660289823306871,"2012-2013"
2303.84,5605842.88,3,0.661104908548349,"2012-2013"
2323.2,5608166.08,1,0.661378886780779,"2012-2013"
2342.56,5619878.88,5,0.66276019370261,"2012-2013"
2361.92,5629326.56,4,0.663874371847823,"2012-2013"
2381.28,5631707.84,1,0.664155199536064,"2012-2013"
2400.64,5643711.04,5,0.665570753736949,"2012-2013"
2420,5653391.04,4,0.666712329705405,"2012-2013"
2458.72,5655849.76,1,0.667002290001393,"2012-2013"
2478.08,5668240.16,5,0.668463507241016,"2012-2013"
2497.44,5683224.8,6,0.670230666840186,"2012-2013"
2516.8,5690775.2,3,0.671121096095582,"2012-2013"
2536.16,5703456,5,0.672616560614259,"2012-2013"
2555.52,5708567.04,2,0.673219312725604,"2012-2013"
2574.88,5718866.56,4,0.674433949556041,"2012-2013"
2594.24,5724055.04,2,0.675045834275134,"2012-2013"
2613.6,5737123.04,5,0.676586961832549,"2012-2013"
2632.96,5739756,1,0.676897470495969,"2012-2013"
2652.32,5742408.32,1,0.677210262311326,"2012-2013"
2671.68,5750423.36,3,0.678155487213208,"2012-2013"
2691.04,5758496.48,3,0.6791075615709,"2012-2013"
2710.4,5761206.88,1,0.679427202842067,"2012-2013"
2729.76,5766666.4,2,0.680071051688277,"2012-2013"
2749.12,5769415.52,1,0.680395259263318,"2012-2013"
2807.2,5777837.12,3,0.681388430355875,"2012-2013"
2826.56,5783490.24,2,0.682055110721453,"2012-2013"
2845.92,5800565.76,6,0.684068850729809,"2012-2013"
2884.64,5817873.6,6,0.686109988561409,"2012-2013"
2904,5826585.6,3,0.687137406933019,"2012-2013"
2923.36,5832432.32,2,0.687826918817967,"2012-2013"
2962.08,5838356.48,2,0.688525563310662,"2012-2013"
2981.44,5844319.36,2,0.68922877410723,"2012-2013"
3000.8,5853321.76,3,0.690290439757895,"2012-2013"
3020.16,5859362.08,2,0.691002783162211,"2012-2013"
3039.52,5883678.24,8,0.693870421994973,"2012-2013"
3058.88,5889796,2,0.694591898007037,"2012-2013"
3078.24,5899030.72,3,0.695680961480944,"2012-2013"
3097.6,5911421.12,4,0.697142178720567,"2012-2013"
3116.96,5917655.04,2,0.697877353644253,"2012-2013"
3136.32,5927064,3,0.698986965485592,"2012-2013"
3175.04,5933414.08,2,0.699735839320899,"2012-2013"
3194.4,5936608.48,1,0.70011255939049,"2012-2013"
3213.76,5943036,2,0.700870565833544,"2012-2013"
3233.12,5949502.24,2,0.701633138580473,"2012-2013"
3252.48,5956007.2,2,0.702400277631276,"2012-2013"
3271.84,5959279.04,1,0.702786130308614,"2012-2013"
3291.2,5965861.44,2,0.703562401967164,"2012-2013"
3329.92,5969191.36,1,0.703955104100312,"2012-2013"
3349.28,5975889.92,2,0.704745074670484,"2012-2013"
3368.64,5982627.2,2,0.705539611544529,"2012-2013"
3388,5989403.2,2,0.706338714722449,"2012-2013"
3407.36,5992810.56,1,0.706740549463345,"2012-2013"
3446.08,5999702.72,2,0.707553351552886,"2012-2013"
3465.44,6013564.48,4,0.709188088339715,"2012-2013"
3484.8,6017049.28,1,0.709599055688359,"2012-2013"
3542.88,6024135.04,2,0.710434689297269,"2012-2013"
3562.24,6027697.28,1,0.71085478925366,"2012-2013"
3581.6,6034860.48,2,0.711699555470318,"2012-2013"
3600.96,6045663.36,3,0.712973554251115,"2012-2013"
3620.32,6056524.32,3,0.714254402487722,"2012-2013"
3659.04,6071160.48,4,0.715980465352028,"2012-2013"
3678.4,6078517.28,2,0.716848063088054,"2012-2013"
3697.76,6082215.04,1,0.717284145108004,"2012-2013"
3717.12,6085932.16,1,0.717722510279892,"2012-2013"
3736.48,6093405.12,2,0.71860380692754,"2012-2013"
3755.84,6100916.8,2,0.719489669879061,"2012-2013"
3775.2,6104692,1,0.719934884506759,"2012-2013"
3794.56,6108486.56,1,0.720382382286394,"2012-2013"
3813.92,6116114.4,2,0.721281944149537,"2012-2013"
3833.28,6123780.96,2,0.722186072316554,"2012-2013"
3852.64,6127633.6,1,0.722640419552,"2012-2013"
3872,6135377.6,2,0.723553680326765,"2012-2013"
3930.08,6139307.68,1,0.724017160169958,"2012-2013"
3968.8,6143276.48,1,0.724485206317025,"2012-2013"
3988.16,6147264.64,1,0.724955535616029,"2012-2013"
4007.52,6155279.68,2,0.72590076051791,"2012-2013"
4026.88,6167360.32,3,0.727325447326543,"2012-2013"
4065.6,6171425.92,1,0.727804909233295,"2012-2013"
4084.96,6175510.88,1,0.728286654291983,"2012-2013"
4143.04,6179653.92,1,0.728775248806482,"2012-2013"
4162.4,6183816.32,1,0.729266126472918,"2012-2013"
4181.76,6192179.84,2,0.730252448109664,"2012-2013"
4201.12,6208984.32,4,0.732234223990904,"2012-2013"
4220.48,6217425.28,2,0.733229678235398,"2012-2013"
4239.84,6234384.64,4,0.735229719332132,"2012-2013"
4259.2,6238643.84,1,0.735732012758253,"2012-2013"
4278.56,6251479.52,3,0.737245742492426,"2012-2013"
4297.92,6255777.44,1,0.73775260222242,"2012-2013"
4336.64,6260114.08,1,0.738264028256288,"2012-2013"
4375.36,6268864.8,2,0.739296012931772,"2012-2013"
4394.72,6277654.24,2,0.740332563911131,"2012-2013"
4414.08,6295310.56,4,0.742414798477594,"2012-2013"
4452.8,6299763.36,1,0.742939923423084,"2012-2013"
4472.16,6304235.52,1,0.743467331520511,"2012-2013"
4510.88,6313257.28,2,0.744531280323112,"2012-2013"
4530.24,6322317.76,2,0.745599795429586,"2012-2013"
4549.6,6326867.36,1,0.746136336134761,"2012-2013"
4588.32,6331455.68,1,0.746677443143809,"2012-2013"
4607.68,6336063.36,1,0.747220833304794,"2012-2013"
4627.04,6359198.56,5,0.749949199869404,"2012-2013"
4665.76,6363864.32,1,0.750499439486199,"2012-2013"
4685.12,6373234.56,2,0.751604485023665,"2012-2013"
4704.48,6382643.52,2,0.752714096865004,"2012-2013"
4723.84,6387367.36,1,0.75327118593761,"2012-2013"
4743.2,6392110.56,1,0.753830558162154,"2012-2013"
4762.56,6396873.12,1,0.754392213538634,"2012-2013"
4781.92,6406436.96,2,0.755520090595469,"2012-2013"
4840,6416116.96,2,0.756661666563925,"2012-2013"
4859.36,6420976.32,1,0.75723473770009,"2012-2013"
4917.44,6425893.76,1,0.757814658292065,"2012-2013"
4975.52,6430869.28,1,0.758401428339852,"2012-2013"
5014.24,6435883.52,1,0.758992764691512,"2012-2013"
5052.96,6440936.48,1,0.759588667347046,"2012-2013"
5072.32,6456153.44,3,0.761383224769459,"2012-2013"
5091.68,6466336.8,2,0.762584162688274,"2012-2013"
5169.12,6476675.04,2,0.763803365822585,"2012-2013"
5265.92,6487206.88,2,0.765045400476265,"2012-2013"
5304.64,6492511.52,1,0.765670984106979,"2012-2013"
5343.36,6497854.88,1,0.766301134041567,"2012-2013"
5382.08,6503236.96,1,0.766935850280029,"2012-2013"
5459.52,6508696.48,1,0.767579699126238,"2012-2013"
5478.88,6514175.36,1,0.768225831124384,"2012-2013"
5498.24,6519673.6,1,0.768874246274467,"2012-2013"
5517.6,6525191.2,1,0.769524944576487,"2012-2013"
5556.32,6530747.52,1,0.77018020918238,"2012-2013"
5595.04,6541937.6,2,0.771499871001916,"2012-2013"
5653.12,6547590.72,1,0.772166551367494,"2012-2013"
5672.48,6558935.68,2,0.773504478402524,"2012-2013"
5691.84,6564627.52,1,0.774175725071976,"2012-2013"
5749.92,6576127.36,2,0.775531917322502,"2012-2013"
5808,6581935.36,1,0.776216862903575,"2012-2013"
5827.36,6587762.72,1,0.776904091636586,"2012-2013"
5846.72,6593609.44,1,0.777593603521533,"2012-2013"
5866.08,6599475.52,1,0.778285398558418,"2012-2013"
5885.44,6605360.96,1,0.778979476747239,"2012-2013"
5924.16,6611285.12,1,0.779678121239934,"2012-2013"
6020.96,6617306.08,1,0.780388181492314,"2012-2013"
6098.4,6623404.48,1,0.781107374352441,"2012-2013"
6117.76,6629522.24,1,0.781828850364505,"2012-2013"
6195.2,6635717.44,1,0.782559458984317,"2012-2013"
6253.28,6641970.72,1,0.78329691705994,"2012-2013"
6272.64,6648243.36,1,0.784036658287499,"2012-2013"
6292,6654535.36,1,0.784778682666995,"2012-2013"
6408.16,6660943.52,1,0.785534405958113,"2012-2013"
6427.52,6667371.04,1,0.786292412401168,"2012-2013"
6446.88,6673817.92,1,0.78705270199616,"2012-2013"
6524.32,6680342.24,1,0.787822124198899,"2012-2013"
6543.68,6686885.92,1,0.788593829553575,"2012-2013"
6582.4,6693468.32,1,0.789370101212125,"2012-2013"
6601.76,6700070.08,1,0.790148656022612,"2012-2013"
6621.12,6706691.2,1,0.790929493985036,"2012-2013"
6814.72,6713505.92,1,0.791733163466829,"2012-2013"
6853.44,6720359.36,1,0.792541399252496,"2012-2013"
6872.8,6727232.16,1,0.7933519181901,"2012-2013"
6969.6,6734201.76,1,0.794173852887388,"2012-2013"
7066.4,6741268.16,1,0.795007203344361,"2012-2013"
7163.2,6748431.36,1,0.795851969561018,"2012-2013"
7201.92,6755633.28,1,0.79670130208155,"2012-2013"
7279.36,6762912.64,1,0.797559767209828,"2012-2013"
7376.16,6770288.8,1,0.798429648097792,"2012-2013"
7453.6,6785196,2,0.800187675089214,"2012-2013"
7492.32,6792688.32,1,0.801071254888799,"2012-2013"
7550.4,6800238.72,1,0.801961684144195,"2012-2013"
7569.76,6807808.48,1,0.802854396551527,"2012-2013"
7647.2,6815455.68,1,0.803756241566607,"2012-2013"
7666.56,6823122.24,1,0.804660369733625,"2012-2013"
7782.72,6830904.96,1,0.805578196812263,"2012-2013"
7802.08,6838707.04,1,0.806498307042839,"2012-2013"
8131.2,6846838.24,1,0.807457230856342,"2012-2013"
8150.56,6854988.8,1,0.808418437821782,"2012-2013"
8286.08,6871560.96,2,0.810372815879778,"2012-2013"
8305.44,6879866.4,1,0.811352288060713,"2012-2013"
8324.8,6888191.2,1,0.812334043393586,"2012-2013"
8363.52,6896554.72,1,0.813320365030332,"2012-2013"
8479.68,6905034.4,1,0.814320385578699,"2012-2013"
8499.04,6913533.44,1,0.815322689279003,"2012-2013"
8518.4,6922051.84,1,0.816327276131245,"2012-2013"
8615.2,6930667.04,1,0.81734327874317,"2012-2013"
8750.72,6939417.76,1,0.818375263418655,"2012-2013"
9002.4,6948420.16,1,0.819436929069319,"2012-2013"
9060.48,6957480.64,1,0.820505444175794,"2012-2013"
9137.92,6966618.56,1,0.821583091890016,"2012-2013"
9215.36,6975833.92,1,0.822669872211986,"2012-2013"
9312.16,6985146.08,1,0.823768068293641,"2012-2013"
9408.96,6994555.04,1,0.82487768013498,"2012-2013"
9544.48,7004099.52,1,0.826003274039877,"2012-2013"
9583.2,7013682.72,1,0.827133434248649,"2012-2013"
9796.16,7023478.88,1,0.828288709128726,"2012-2013"
10125.28,7033604.16,1,0.829482797591731,"2012-2013"
10202.72,7043806.88,1,0.830686018662484,"2012-2013"
10260.8,7054067.68,1,0.831896089189047,"2012-2013"
10531.84,7064599.52,1,0.833138123842727,"2012-2013"
10589.92,7075189.44,1,0.834387007952218,"2012-2013"
10609.28,7085798.72,1,0.835638175213646,"2012-2013"
10725.44,7096524.16,1,0.836903041386695,"2012-2013"
10822.24,7107346.4,1,0.838179323319429,"2012-2013"
11015.84,7129378.08,2,0.840777550223635,"2012-2013"
11519.2,7140897.28,1,0.842136025626097,"2012-2013"
11616,7152513.28,1,0.843505916788244,"2012-2013"
11635.36,7164148.64,1,0.844878091102328,"2012-2013"
11654.72,7175803.36,1,0.846252548568349,"2012-2013"
11674.08,7187477.44,1,0.847629289186307,"2012-2013"
11809.6,7199287.04,1,0.849022011867824,"2012-2013"
11945.12,7211232.16,1,0.850430716612898,"2012-2013"
12041.92,7223274.08,1,0.851850837117658,"2012-2013"
12138.72,7247551.52,2,0.854713909646545,"2012-2013"
12177.44,7259728.96,1,0.856150012214863,"2012-2013"
12332.32,7272061.28,1,0.857604379998676,"2012-2013"
12564.64,7284625.92,1,0.859086145605732,"2012-2013"
12932.48,7297558.4,1,0.860611291099589,"2012-2013"
13203.52,7310761.92,1,0.862168400720563,"2012-2013"
13222.88,7323984.8,1,0.863727793493474,"2012-2013"
13455.2,7337440,1,0.865314584089627,"2012-2013"
13919.84,7351359.84,1,0.866956170332267,"2012-2013"
14307.04,7365666.88,1,0.868643419613645,"2012-2013"
14423.2,7380090.08,1,0.870344367806644,"2012-2013"
14829.76,7394919.84,1,0.872093262190319,"2012-2013"
14887.84,7409807.68,1,0.873849006029804,"2012-2013"
15313.76,7425121.44,1,0.875654979211901,"2012-2013"
15700.96,7440822.4,1,0.877506615432737,"2012-2013"
15739.68,7456562.08,1,0.879362817957447,"2012-2013"
15913.92,7472476,1,0.881239568849588,"2012-2013"
17249.76,7489725.76,1,0.883273857225377,"2012-2013"
17791.84,7507517.6,1,0.885372073855399,"2012-2013"
19108.32,7526625.92,1,0.887625544817131,"2012-2013"
19205.12,7545831.04,1,0.889890431538548,"2012-2013"
21044.32,7566875.36,1,0.892372217693971,"2012-2013"
22689.92,7589565.28,1,0.895048071764032,"2012-2013"
24877.6,7614442.88,1,0.897981922002963,"2012-2013"
26949.12,7641392,1,0.901160069499145,"2012-2013"
28730.24,7670122.24,1,0.904548266973522,"2012-2013"
29020.64,7699142.88,1,0.907970711726953,"2012-2013"
29698.24,7728841.12,1,0.911473066798176,"2012-2013"
30550.08,7759391.2,1,0.915075880554623,"2012-2013"
30976,7790367.2,1,0.918728923653682,"2012-2013"
31266.4,7821633.6,1,0.922416214031795,"2012-2013"
32273.12,7853906.72,1,0.926222228310627,"2012-2013"
33183.04,7887089.76,1,0.930135550730494,"2012-2013"
34209.12,7921298.88,1,0.934169880203018,"2012-2013"
34228.48,7955527.36,1,0.938206492827478,"2012-2013"
41662.72,7997190.08,1,0.943119835795713,"2012-2013"
45476.64,8042666.72,1,0.948482959695519,"2012-2013"
47799.84,8138266.4,2,0.95975716395999,"2012-2013"
85087.2,8223353.6,1,0.969791616722718,"2012-2013"
125181.76,8348535.36,1,0.984554477146791,"2012-2013"
130970.4,8479505.76,1,1,"2012-2013"
